<component name="ProjectRunConfigurationManager">
  <configuration default="false" name="OperationsServiceApplication" type="Application" factoryName="Application" nameIsGenerated="true">
    <option name="MAIN_CLASS_NAME" value="com.epay.operations.OperationsServiceApplication" />
    <module name="epay_operations_service.main" />
    <shortenClasspath name="ARGS_FILE" />
    <extension name="coverage">
      <pattern>
        <option name="PATTERN" value="com.epay.operations.*" />
        <option name="ENABLED" value="true" />
      </pattern>
    </extension>
    <method v="2">
      <option name="Make" enabled="true" />
    </method>
  </configuration>
</component>